{"cameraMode":{"drawMode":0,"name":"Shaded","section":"Shading Mode"},"sceneLighting":false,"audioPlay":false,"sceneViewState":{"m_AlwaysRefresh":false,"showFog":true,"showSkybox":true,"showFlares":true,"showImageEffects":true,"showParticleSystems":true,"showVisualEffectGraphs":true,"m_FxEnabled":true},"in2DMode":false,"pivot":{"x":3.6528048515319826,"y":0.36447954177856448,"z":25.18256187438965},"rotation":{"x":0.21885192394256593,"y":0.038343846797943118,"z":-0.008613631129264832,"w":0.9749727845191956},"size":5.5310468673706059,"orthographic":false}